severity_group,mean,median,count
low_function,-1.5633082284212287,-0.963185081799371,1056
moderate_function,-0.19826354181150885,0.08820716932201123,4327
high_function,0.6372400786821144,0.6799777186665352,3786
