severity_group,mean,median,count
low_function,2.724319157505762,1.8120889730643066,1056
moderate_function,1.9828633437388143,1.430486087757103,4327
high_function,1.401543740816385,0.9197821793950567,3786
