severity_group,mean,median,count
low_function,-1.5633082284212287,-0.9631850817993701,1056
moderate_function,-0.19826354181150901,0.08820716932200412,4327
high_function,0.6372400786821142,0.6799777186665352,3786
