severity_group,mean,median,count
low_function,2.724319157505762,1.8120889730643057,1056
moderate_function,1.9828633437388143,1.4304860877571066,4327
high_function,1.4015437408163853,0.9197821793950531,3786
