model_name,mae,rmse,r2
random_forest,1.8282228510649763,2.597138363843494,0.9134400804189349
