metric,value
RMSE,7.677472190835561
MAE,6.121157262439302
R2,0.19326091602997897
